{"branches": 91.66666666666666, "coverage": 88.3076923076923}